size of nums, slow version, fast version, numpy version
100000, N/A, 2468.8652436733246, 2542.9708824157715
100000, N/A, 2570.9456560611725, 2530.299077987671
100000, N/A, 2476.115214586258, 2467.569642305374
